# X,Y
103.2113824222899,-32.79730842827086
102.3,-27.3
101.93030708898202,-25.080056822074482
98.3,-3.0
97.65420810683958,1.174005267929728
96.2,10.7
94.65273842334452,20.339046168138065
92.5,34.3
91.35121694531877,42.05789517311439
89.0,58.1
87.39613690849279,68.86505457475225
87.1,70.9
83.9335499082716,93.04349582751988
83.4,96.8
82.00007873633315,106.75191047058078
80.7,116.5
78.1,136.4
75.57061414566864,155.95896714060163
74.9,161.4
72.4,181.6
71.80117727490031,186.29620130879076
69.9,201.2
68.3,214.8
67.98106283909608,217.59601296930617
66.2,233.5
64.3,250.6
63.4203106842765,258.65707837601497
62.4,267.8
60.7,281.4
59.283212256587625,291.0243354918552
56.0,310.9
53.74311982240967,322.003475538759
51.88210937770998,327.8499500085795
51.1,329.9
50.08310125069611,332.2789936816546
48.8,335.1
47.5,337.9
44.394226577575076,343.3287964756604
40.2,348.7
39.3261947375135,349.67857405063717
34.1,354.3
20.404227739870628,360.72557325490527
19.4,361.1
13.080740445490212,362.66680047962853
12.9,362.7
3.7,364.5
2.958998646049564,364.6606305871136
-14.7,369.0
-15.301624518063315,369.1769588898343
-20.185558444790974,370.91077039931326
-25.3,374.0
-28.0644354429539,375.83319717017844
-30.0,377.2
-37.56348364813077,383.17158863984355
-44.0,388.6
-47.9011933753723,392.00636353676794
-50.0,393.8
-51.283732020196794,394.85854291817407
-61.003767268991055,402.45463530453736
-61.2,402.6
-62.3,403.4
-69.87378328925777,407.26361655621486
-71.2,407.7
-76.43283757839859,408.7755874147723
-78.3,408.9
-83.3,408.6
-87.3896526171827,407.7176622910082
-88.1,407.5
-92.3,405.7
-94.70955941887348,404.1969382665167
-97.9,401.7
-98.41861893252705,401.2499817967391
-100.9,398.5
-105.26174421040905,391.7279809976758
-105.4,391.5
-107.0915455462007,388.3108159779387
-107.7,386.5
-107.79486410726354,386.2517282759633
-109.40344726393855,382.0254981301267
-109.7,381.1
-112.63111099425282,369.0078069810827
-112.8,368.2
-113.50774463585978,364.072498894449
-113.6,363.4
-114.20044559192115,358.8661159514946
-114.9,353.1
-115.09185898708088,351.28045456322184
-115.40051113789681,344.91530317779063
-115.4,344.5
-115.0,329.7
-114.83688316337718,326.00757301903957
-114.52384291584829,322.58233557071094
-113.9,318.7
-113.25898578308795,314.569759859726
-112.3,309.0
-110.80117618931297,302.1752808107568
-110.2,299.8
-108.52233709220361,293.8295910894054
-106.8,288.3
-105.88928886824094,285.5357728600919
-103.8,279.5
-103.29261828816803,278.07772802504616
-99.81310437214138,268.8894665954507
-99.7,268.6
-95.7,258.5
-94.45969310725971,255.44171769964123
-91.0,247.1
-81.74623734413765,225.34794305208206
-81.6,225.0
-76.1,211.7
-73.22893064166381,204.81311470574937
-68.6,193.0
-64.25123688782432,181.01843186697045
-61.2,172.4
-58.63179411063315,164.92059072482488
-55.8,155.0
-54.2657301455371,149.35037255373987
-51.8,139.6
-49.01007582549964,126.3603749368456
-48.3,122.5
-46.3435167929161,106.82901665847172
-46.2,104.6
-45.6836854858947,92.37561155309675
-45.5,86.8
-45.2432042751157,78.55532276843115
-46.20866768194484,71.08358087874426
-46.3,70.6
-50.1,54.2
-51.17973586950312,51.06449611621594
-55.44877171108616,43.80955594719787
-57.4,41.2
-59.7828296358075,37.814569145411625
-64.58295891323499,33.7589800054282
-66.9,32.4
-81.6,25.0
-82.3377413184048,24.663137952785373
-88.94711445853493,22.029987774090962
-95.9545807184566,20.753962221370443
-96.2,20.7
-104.8,18.9
-112.71511273898716,17.752660837446186
-121.9,16.6
-126.73892514513759,16.06792599790048
-132.3,15.9
-133.51100786908418,15.853767510265504
-143.08080038540461,15.442680615070676
-145.0,15.4
-151.4,15.5
-152.02898894809837,15.518240809914861
-165.3,16.0
-198.4,18.9
-200.47891019907144,19.102855596433365
-210.40967347985594,20.047935638924834
-212.1,20.2
-220.1,20.9
-226.09387582327128,21.46084016582976
-230.9,21.9
-243.70489499045402,22.978145601176813
-259.3617600537624,24.246600915096405
-261.2,24.4
-267.75339138914075,24.990112939753534
-271.2,25.3
-293.0,27.1
-293.9940563075461,27.17824861755912
-304.9,28.0
-311.7096888279405,28.454909435662366
-319.9,29.0
-338.6021897795496,30.44351478123345
-350.5,31.4
-364.5443749926832,32.51655020227899
-388.2,34.4
-389.1882251470593,34.48032109662402
-418.4,36.9
-419.26050866144044,36.97017514847276
-447.5,39.3
-451.79346586409713,39.690194258255026
-454.0,39.9
-473.6,42.1
-481.2410258659961,43.07452072208069
-491.7,44.6
-497.7035304652536,45.642592720082874
-508.0,47.7
-522.5,51.3
-523.669151591261,51.649785448501504
-544.2227337978424,58.79694467345706
-555.7,63.3
-563.1532909477276,66.53763235225763
-574.1,72.2
-581.9020173598832,76.4636903402303
-597.475278525522,85.29246386064915
-598.0,85.6
-603.9,89.1
-618.6,97.9
-626.9977248742715,102.94203788301331
-631.9,105.9
-641.7861647547606,111.91579540374042
-654.0,119.4
-668.378152074236,128.2078923721549
-671.8,130.3
-683.7,137.6
-689.1451725166229,141.02525894621172
-696.9,146.0
-706.7098507369243,152.4103453419574
-714.5,157.5
-721.444890416964,161.9805510822596
-727.8,166.1
-741.9713081896487,175.51419626969215
-742.4,175.8
-753.6,183.3
-771.2440107971438,195.41601529929898
-773.0,196.5
-786.4330332437995,203.81894366748372
-786.8,204.0
-797.5,208.4
-801.9161983533506,209.81168604316503
-812.625303847947,212.82267775573655
-816.3,213.7
-818.7179614504838,214.17938053315729
-823.3,214.6
-826.9981772574392,214.55856655241297
-834.6,213.7
-839.654958577688,212.25534960244596
-843.2,210.7
-849.8,206.7
-854.359802232853,203.04157856860482
-857.9,199.6
-859.2313254592048,198.22102096077208
-863.0,194.1
-863.3296947304055,193.72481826558487
-867.3303257899215,188.96952888355534
-868.5,187.5
-874.4,179.6
-875.1713567720295,178.5347403927858
-879.5,172.4
-887.4,160.7
-889.6782111294872,157.20614770973359
-892.8180944774301,152.05510764818547
-895.1326633655199,147.67961618511308
-896.9,144.3
-898.3,141.6
-898.6020240259826,141.0064081805586
-904.4,128.8
-904.6804152055101,128.19860071390914
-909.0566629849151,118.75082939517065
-910.1,116.4
-912.6301581820975,110.48525682840041
-915.1,104.7
-916.5,101.5
-919.9441478203526,93.26966456364747
-922.2,88.0
-926.3,79.4
-927.333309271675,77.37191900830895
-929.3,73.7
-931.0523806273723,70.69677272803804
-936.1,63.3
-937.7,61.3
-938.0102084068634,60.952215639510754
-944.4539376251981,55.3578389819192
-945.1,54.9
-949.4145604947632,52.59784652183796
-953.8,52.2
-954.4877023487159,52.23889632866519
-958.2,52.8
-959.8042424535254,53.273746373009274
-960.9,53.7
-967.4,57.3
-968.2204510880599,57.819738743268644
-980.009464620284,68.44291023808823
-980.7,69.2
-984.1,73.0
-987.1617140015002,76.55125291150253
-992.0,82.3
-994.402049013803,85.36658761031124
-996.8,88.7
-998.7797704024645,91.35268589197027
-1003.1886373706291,97.16627712158424
-1005.6,100.3
-1009.6691952639073,105.50362005616162
-1015.0232875011777,112.13774940105588
-1016.4,113.8
-1022.1,120.5
-1027.5,126.5
-1027.9164673201694,126.95967715164213
-1033.9,133.3
-1046.610904187117,145.2452475274859
-1048.1,146.6
-1054.791595664151,152.01463744241414
-1057.6,153.6
-1068.0,159.2
-1068.5689845478278,159.47217675965786
-1077.5,162.9
-1081.2319516086627,163.84519272358503
-1090.3418329306232,165.4671786793116
-1094.9,166.0
-1098.2449933320722,165.98274176348392
-1100.4,165.6
-1108.8,163.4
-1110.89325551442,162.60131826836079
-1117.0,159.6
-1121.0286735642153,157.19577584975949
-1126.4559495078179,153.31856201144134
-1128.6,151.5
-1134.0077082611892,146.08254733669
-1134.8,145.2
-1139.6,139.4
-1145.3,131.5
-1145.6654160261844,130.9686792907744
-1150.3,124.0
-1153.2294860945883,119.27354037371758
-1155.1,116.1
-1159.445665590621,108.41072567329817
-1164.9,98.4
-1167.674892929048,93.13384359480206
-1171.9049417973415,84.57755745806104
-1173.2,81.9
-1195.1545369872651,36.971470524078676
-1195.4,36.5
-1202.64600025083,22.960354936831187
-1202.9,22.5
-1212.0362344104346,6.455982557061222
-1212.3,6.0
-1218.5194603517964,-4.709133319119724
-1222.7,-11.9
-1229.390382753916,-23.454356414729393
-1233.3,-30.2
-1240.5,-42.6
-1243.655544304626,-48.069450755008006
-1250.9969995344568,-60.86669032303873
-1252.1,-62.8
-1259.0752442986218,-75.15262738358578
-1265.116492067064,-85.56651999342584
-1266.1,-87.2
-1268.4,-91.0
-1275.2,-102.7
-1280.0989936158253,-110.82771890760796
-1290.4,-126.9
-1292.10696204803,-129.50744033803198
-1301.0,-143.1
-1302.4324133515315,-145.35075657603096
-1308.4092257081684,-155.35063331201286
-1311.7,-161.0
-1316.9,-170.3
-1317.2774959506387,-171.1356869043955
-1321.0474646547882,-181.66020356495036
-1322.1,-185.4
-1322.9792244577561,-189.5177064152902
-1322.4,-198.1
-1322.2146902096417,-199.54362052212824
-1321.5,-204.5
-1319.9,-211.6
-1317.6003744513232,-218.93243129174363
-1317.2,-220.0
-1314.8846894667522,-225.3906229518904
-1312.5,-230.2
-1311.8801601931311,-231.38268518077751
-1305.4,-241.1
-1304.8911305776262,-241.68084912331673
-1297.3,-249.5
-1294.5020157577824,-252.09661796495666
-1284.2,-258.9
-1283.6939348411336,-259.1783430885108
-1276.4,-263.0
-1266.8,-267.1
-1264.418857565545,-267.97530829842555
-1257.1321671470507,-270.42650277111824
-1255.1,-271.1
-1246.5,-274.1
-1243.3790255498516,-275.4476466926402
-1240.1,-277.2
-1236.0,-280.3
-1235.7183675349715,-280.5604488781091
-1232.5,-284.1
-1229.6,-288.5
-1228.2666072652246,-291.16123635310925
-1227.2,-293.7
-1226.3946284048875,-295.8702925909265
-1224.905026861872,-300.7499934981348
-1223.7,-305.3
-1222.5,-310.3
-1222.1406426015487,-311.9815669513625
-1221.1,-317.4
-1219.8,-324.8
-1219.7327897972823,-325.22769547114177
-1218.6549335104723,-332.5485997256792
-1218.6,-332.9
-1216.7,-343.9
-1214.3265634398006,-353.5007535683648
-1211.2,-362.5
-1210.6104022707202,-363.8517138264888
-1208.8989207000063,-366.61063350074676
-1207.1,-368.7
-1203.497300334648,-372.584557557003
-1199.4,-376.7
-1193.9856613834686,-381.60283769208826
-1185.6488148652666,-388.4028459601758
-1185.4,-388.6
-1180.3,-392.6
-1167.788483931643,-402.5898154975465
-1162.7,-406.7
-1157.7873765601475,-410.70548120686016
-1149.3,-418.1
-1145.7,-421.4
-1145.0899055403775,-421.95667102429553
-1135.2,-431.5
-1129.084448553398,-438.4420836680148
-1122.3,-446.5
-1116.149764286543,-455.4257762867487
-1115.4,-456.7
-1111.7405532672076,-462.51784805556116
-1109.0,-466.8
-1105.6,-472.1
-1103.7355057709578,-474.8139287148295
-1101.4,-477.8
-1097.814394044102,-481.55733200627293
-1091.8,-486.8
-1089.5291155492637,-488.26319861885224
-1088.0,-488.9
-1083.5,-490.4
-1082.217240746933,-490.5489584658009
-1078.1982621593063,-490.1589962428021
-1075.2,-489.3
-1073.4387720921688,-488.39195908039767
-1072.2,-487.4
-1069.8571770086457,-485.0842687170358
-1069.0,-484.1
-1066.9,-481.2
-1065.8156445370137,-479.42136859175554
-1064.4,-476.4
-1064.0511576086255,-475.5420177014139
-1062.0,-470.1
-1061.1424112087582,-467.56385592279514
-1060.6,-465.4
-1060.4347390588407,-464.7322831240455
-1059.6,-461.3
-1059.3620514714917,-460.26444936897644
-1058.7023226357494,-457.02772621728127
-1058.5,-456.0
-1057.5,-450.9
-1057.4236747802397,-450.5036222849102
-1056.1,-443.4
-1056.0260394047289,-442.987313348702
-1054.9,-436.3
-1054.1305143073628,-430.91252194181396
-1054.1,-430.7
-1053.2,-424.4
-1051.5,-410.7
-1051.1791625764254,-408.072404440754
-1050.3971477431191,-401.7881965151788
-1049.5,-395.3
-1049.2303807839428,-393.38014168364765
-1047.5,-381.2
-1047.3854791330548,-380.4071344116295
-1045.1,-366.1
-1043.8895944737346,-359.71398454299487
-1042.7,-353.6
-1041.1035344797124,-345.4225033510346
-1039.5,-337.1
-1036.0,-318.8
-1035.7882047714215,-317.69040168954746
-1034.6362068759488,-311.6255682607081
-1034.1,-308.8
-1033.0871286902047,-303.5086154735983
-1030.0,-286.8
-1029.8095177147875,-285.7088687929436
-1026.8905490592263,-268.4361944652861
-1026.8,-267.9
-1023.165770496273,-247.3478277315225
-1022.6,-244.4
-1020.1,-231.7
-1017.3,-217.4
-1017.1148248771481,-216.45365260078898
-1013.9,-200.0
-1013.7314815346284,-199.12946497375168
-1011.3,-186.8
-1008.2755814357558,-172.3769036068737
-1006.0,-161.6
-1004.0917044088495,-152.44408422395261
-1002.2537080415293,-144.32406568691292
-1000.3,-137.1
-994.0,-114.8
-990.8883354712307,-104.3992022390352
-981.907340568219,-77.71434795229776
-981.1,-75.4
-979.0586936440232,-69.5403341389655
-976.4,-62.1
-973.4645525601145,-54.04497154820983
-972.2,-50.6
-967.8,-38.8
-964.0743418403914,-29.25241253791259
-962.8,-26.0
-961.2106732572558,-21.890672958983277
-958.4,-15.2
-958.0454347536852,-14.438413941441434
-952.2,-2.7
-951.5506562304108,-1.4073765907678333
-949.2682935812048,2.172448187336986
-947.9,3.4
-940.7667385270788,9.661624024502485
-940.6,9.8
-935.6105989644891,12.221150628240817
-934.5,12.3
-929.1031381016259,12.566211196757681
-924.8,12.6
-921.4994261747131,12.053458900550387
-919.6,11.3
-918.9655668889005,11.053017927976517
-915.1556347228665,9.565571529637678
-913.0,8.6
-908.4,6.1
-907.7105363058145,5.68859749135973
-903.4066599431846,2.868788994337489
-901.9,1.8
-895.8433547147737,-2.619278891640511
-895.6,-2.8
-888.5265101118196,-8.49399673558371
-888.4,-8.6
-883.0,-13.1
-879.1310074976464,-16.34861739647157
-874.2,-20.5
-867.6387565870127,-26.061028394859896
-864.6239609767624,-28.82473588256031
-862.0,-31.3
-836.1,-55.7
-834.4456202337029,-57.21618562454104
-823.3,-66.8
-822.6484113052775,-67.34638267879797
-808.134543398259,-79.48548054492184
-806.8,-80.6
-798.2421653614624,-87.73213321389025
-797.2,-88.6
-785.3,-98.4
-780.4791297614498,-102.17400186415038
-772.8,-107.9
-763.2915765140253,-114.53823548973514
-762.9,-114.8
-750.3,-122.6
-746.986714675747,-124.37847242428009
-736.9632002967571,-129.232880698252
-736.6,-129.4
-722.1,-135.1
-720.8153187260297,-135.48357956619196
-699.151407671516,-140.91887954093482
-697.0,-141.4
-685.2,-143.1
-684.5099148991435,-143.1594348390895
-664.4,-144.8
-662.9768811068077,-144.8953532584783
-644.7337609764435,-145.97442448431923
-637.3,-146.4
-629.8891227811795,-146.8913655315233
-628.3,-147.0
-610.5200606908018,-148.1817438643054
-590.4,-149.5
-585.8218490738492,-149.79518371814208
-581.0,-150.1
-576.8748629263193,-150.36763712721535
-559.9748814653088,-151.4835995019118
-552.5,-152.0
-539.8,-152.9
-537.3770893943009,-153.06011779505164
-525.5,-153.8
-524.087841702194,-153.88985551187415
-497.4769681668833,-155.6194919065711
-494.7,-155.8
-479.8,-156.7
-473.49724999710014,-157.03744557705005
-453.0,-158.1
-441.8121422001529,-158.6306419285272
-437.9,-158.8
-428.3826102217877,-159.17052420311353
-421.0,-159.4
-414.79682608465527,-159.54397708247217
-405.7,-159.7
-394.3997651112202,-159.86480353356356
-392.1,-159.9
-376.7,-160.2
-370.43398012539143,-160.391117924684
-361.3,-160.7
-356.8378063357489,-160.83323919221243
-340.0,-161.3
-323.4,-162.0
-319.3050426430547,-162.22804515723985
-306.9,-163.0
-298.080875918561,-163.56381403781015
-296.4,-163.7
-280.0,-165.4
-277.66918091313704,-165.69231997040657
-273.2194210988263,-166.56567826088335
-272.0,-166.9
-262.0,-170.2
-258.6668230075084,-171.9988821546508
-256.4,-174.0
-249.80771482052273,-184.85416697498133
-249.1,-186.4
-247.4405880450648,-193.02360564244748
-247.3,-193.7
-245.91433280197856,-199.3673390440678
-245.5,-200.9
-244.0,-205.9
-243.18876584045665,-208.20623612526782
-241.1227065608256,-213.30147815527894
-239.8,-216.2
-236.2300985984378,-223.0611422355626
-235.6,-224.1
-226.5721768492248,-236.2856201879812
-224.3,-238.7
-217.08433041360772,-244.6354439832824
-213.1,-247.4
-210.2337676642638,-249.42819517680132
-204.9,-251.6
-199.52989248271737,-253.28368714752824
-186.04953880318985,-257.1080645608066
-185.7,-257.2
-176.82523185394467,-258.7974372269018
-175.9,-258.9
-165.5146338638395,-260.03585083308695
-159.1,-260.5
-145.3451820584382,-260.89452960624214
-145.0,-260.9
-128.7,-261.0
-125.7517151659519,-261.01633705571714
-116.8,-261.1
-111.02777020734902,-261.20307225833574
-98.7178427398454,-261.4911556371331
-98.3,-261.5
-89.5,-261.7
-77.31611187755482,-262.14813017119195
-66.2,-262.6
-60.313274985385235,-262.82473124674215
-52.8,-263.2
-51.98757644155978,-263.25029846633305
-31.644776024602898,-264.63265515387286
-27.9,-264.9
-16.9,-265.7
-8.967963583979241,-266.23872726150216
-2.9,-266.6
1.9736937803528114,-266.8412168530746
12.3,-267.1
16.92815270185795,-267.0919140758976
29.9,-266.8
33.69305831676813,-266.60264362216975
48.0,-263.9
50.78849676535749,-262.9123241413172
59.88253328509239,-259.1003982034437
64.2,-256.9
71.8,-251.3
84.4,-237.9
88.20814315597949,-233.62242231104898
91.8,-227.6
93.68770417108914,-224.57482791939432
96.4,-220.2
101.7,-210.5
103.15752100595098,-207.48173696828343
106.9,-198.8
108.98704876146988,-193.17046581506017
112.8,-180.3
113.85154658773669,-175.65564466230242
115.3,-167.4
116.6,-153.9
116.84830270288585,-148.9886044546388
117.0,-140.2
116.97581068243228,-137.76793229838603
116.33099074101435,-122.22234320997947
116.2,-120.2
114.7,-104.7
114.5,-103.3
113.88286956257176,-99.0814544751243
109.9,-73.0
109.33777901778826,-69.51708688483167
108.04391232811938,-62.2727843503112
107.4,-58.6
104.85783390556257,-43.2201855498371
104.3610638142477,-40.136066819560085
